{"assets/logos/Connections.png":["assets/logos/Connections.png"],"packages/cupertino_icons/assets/CupertinoIcons.ttf":["packages/cupertino_icons/assets/CupertinoIcons.ttf"],"assets/logos/JobTarget.png":["assets/logos/JobTarget.png"],"assets/logos/ProfileManager.png":["assets/logos/ProfileManager.png"],"fonts/Roboto/Roboto-Black.ttf":["fonts/Roboto/Roboto-Black.ttf"],"fonts/Roboto/Roboto-Bold.ttf":["fonts/Roboto/Roboto-Bold.ttf"],"fonts/Roboto/Roboto-Light.ttf":["fonts/Roboto/Roboto-Light.ttf"],"fonts/Roboto/Roboto-Medium.ttf":["fonts/Roboto/Roboto-Medium.ttf"],"fonts/Roboto/Roboto-Regular.ttf":["fonts/Roboto/Roboto-Regular.ttf"],"fonts/Roboto/Roboto-Thin.ttf":["fonts/Roboto/Roboto-Thin.ttf"],"assets/logos/Settings.png":["assets/logos/Settings.png"],"assets/logos/default_user.png":["assets/logos/default_user.png"],"packages/font_awesome_flutter/lib/fonts/fa-brands-400.ttf":["packages/font_awesome_flutter/lib/fonts/fa-brands-400.ttf"],"packages/font_awesome_flutter/lib/fonts/fa-regular-400.ttf":["packages/font_awesome_flutter/lib/fonts/fa-regular-400.ttf"],"packages/font_awesome_flutter/lib/fonts/fa-solid-900.ttf":["packages/font_awesome_flutter/lib/fonts/fa-solid-900.ttf"]}